[
null,
{"id":1,"list":[{"code":216,"indent":0,"parameters":[0]},{"code":0,"indent":0,"parameters":[]}],"name":"Show Followers","switchId":1,"trigger":0},
{"id":2,"list":[{"code":216,"indent":0,"parameters":[1]},{"code":0,"indent":0,"parameters":[]}],"name":"Hide Followers","switchId":1,"trigger":0},
{"id":3,"list":[{"code":111,"indent":0,"parameters":[0,81,0]},{"code":121,"indent":1,"parameters":[82,82,0]},{"code":0,"indent":1,"parameters":[]},{"code":412,"indent":0,"parameters":[]},{"code":231,"indent":0,"parameters":[1,"murderboarddark",1,0,408,300,80,90,255,0]},{"code":111,"indent":0,"parameters":[1,21,0,1,0]},{"code":231,"indent":1,"parameters":[2,"",1,0,150,150,100,100,255,0]},{"code":122,"indent":1,"parameters":[24,24,0,0,1]},{"code":231,"indent":1,"parameters":[99,"clueties1",0,0,-50,25,100,100,255,0]},{"code":0,"indent":1,"parameters":[]},{"code":412,"indent":0,"parameters":[]},{"code":111,"indent":0,"parameters":[1,22,0,1,0]},{"code":231,"indent":1,"parameters":[3,"clue2",1,0,350,210,100,100,255,0]},{"code":231,"indent":1,"parameters":[4,"clue3",1,0,510,100,100,100,255,0]},{"code":231,"indent":1,"parameters":[5,"clue4",1,0,585,210,100,100,255,0]},{"code":231,"indent":1,"parameters":[6,"clue1",1,0,475,270,100,100,255,0]},{"code":231,"indent":1,"parameters":[98,"clueties2",0,0,-50,25,100,100,255,0]},{"code":111,"indent":1,"parameters":[1,21,0,0,0]},{"code":122,"indent":2,"parameters":[24,24,0,0,2]},{"code":0,"indent":2,"parameters":[]},{"code":412,"indent":1,"parameters":[]},{"code":0,"indent":1,"parameters":[]},{"code":412,"indent":0,"parameters":[]},{"code":111,"indent":0,"parameters":[1,25,0,1,0]},{"code":231,"indent":1,"parameters":[7,"clue5",1,0,370,370,100,100,255,0]},{"code":231,"indent":1,"parameters":[97,"clueties3",0,0,-50,25,100,100,255,0]},{"code":0,"indent":1,"parameters":[]},{"code":412,"indent":0,"parameters":[]},{"code":234,"indent":0,"parameters":[2,[-68,-68,-68,0],1,true]},{"code":230,"indent":0,"parameters":[10]},{"code":112,"indent":0,"parameters":[]},{"code":230,"indent":1,"parameters":[5]},{"code":111,"indent":1,"parameters":[11,"left"]},{"code":122,"indent":2,"parameters":[24,24,2,0,1]},{"code":111,"indent":2,"parameters":[1,24,0,0,2]},{"code":122,"indent":3,"parameters":[24,24,0,1,23]},{"code":0,"indent":3,"parameters":[]},{"code":412,"indent":2,"parameters":[]},{"code":234,"indent":2,"parameters":[2,[0,0,0,0],1,false]},{"code":234,"indent":2,"parameters":[3,[0,0,0,0],1,false]},{"code":234,"indent":2,"parameters":[4,[0,0,0,0],1,false]},{"code":234,"indent":2,"parameters":[5,[0,0,0,0],1,false]},{"code":234,"indent":2,"parameters":[6,[0,0,0,0],1,false]},{"code":234,"indent":2,"parameters":[7,[0,0,0,0],1,false]},{"code":111,"indent":2,"parameters":[1,24,0,1,0]},{"code":234,"indent":3,"parameters":[2,[-68,-68,-68,0],1,false]},{"code":230,"indent":3,"parameters":[5]},{"code":0,"indent":3,"parameters":[]},{"code":412,"indent":2,"parameters":[]},{"code":111,"indent":2,"parameters":[1,24,0,2,0]},{"code":234,"indent":3,"parameters":[3,[-68,-68,-68,0],1,false]},{"code":230,"indent":3,"parameters":[5]},{"code":0,"indent":3,"parameters":[]},{"code":412,"indent":2,"parameters":[]},{"code":111,"indent":2,"parameters":[1,24,0,3,0]},{"code":234,"indent":3,"parameters":[4,[-68,-68,-68,0],1,false]},{"code":230,"indent":3,"parameters":[5]},{"code":0,"indent":3,"parameters":[]},{"code":412,"indent":2,"parameters":[]},{"code":111,"indent":2,"parameters":[1,24,0,4,0]},{"code":234,"indent":3,"parameters":[5,[-68,-68,-68,0],1,false]},{"code":230,"indent":3,"parameters":[5]},{"code":0,"indent":3,"parameters":[]},{"code":412,"indent":2,"parameters":[]},{"code":111,"indent":2,"parameters":[1,24,0,5,0]},{"code":234,"indent":3,"parameters":[6,[-68,-68,-68,0],1,false]},{"code":230,"indent":3,"parameters":[5]},{"code":0,"indent":3,"parameters":[]},{"code":412,"indent":2,"parameters":[]},{"code":111,"indent":2,"parameters":[1,24,0,6,0]},{"code":234,"indent":3,"parameters":[7,[-68,-68,-68,0],1,false]},{"code":230,"indent":3,"parameters":[5]},{"code":0,"indent":3,"parameters":[]},{"code":412,"indent":2,"parameters":[]},{"code":0,"indent":2,"parameters":[]},{"code":412,"indent":1,"parameters":[]},{"code":111,"indent":1,"parameters":[11,"right"]},{"code":122,"indent":2,"parameters":[24,24,1,0,1]},{"code":111,"indent":2,"parameters":[1,24,1,23,3]},{"code":122,"indent":3,"parameters":[24,24,0,0,1]},{"code":0,"indent":3,"parameters":[]},{"code":412,"indent":2,"parameters":[]},{"code":234,"indent":2,"parameters":[2,[0,0,0,0],1,false]},{"code":234,"indent":2,"parameters":[3,[0,0,0,0],1,false]},{"code":234,"indent":2,"parameters":[4,[0,0,0,0],1,false]},{"code":234,"indent":2,"parameters":[5,[0,0,0,0],1,false]},{"code":234,"indent":2,"parameters":[6,[0,0,0,0],1,false]},{"code":234,"indent":2,"parameters":[7,[0,0,0,0],1,false]},{"code":111,"indent":2,"parameters":[1,24,0,1,0]},{"code":234,"indent":3,"parameters":[2,[-68,-68,-68,0],1,false]},{"code":230,"indent":3,"parameters":[5]},{"code":0,"indent":3,"parameters":[]},{"code":412,"indent":2,"parameters":[]},{"code":111,"indent":2,"parameters":[1,24,0,2,0]},{"code":234,"indent":3,"parameters":[3,[-68,-68,-68,0],1,false]},{"code":230,"indent":3,"parameters":[5]},{"code":0,"indent":3,"parameters":[]},{"code":412,"indent":2,"parameters":[]},{"code":111,"indent":2,"parameters":[1,24,0,3,0]},{"code":234,"indent":3,"parameters":[4,[-68,-68,-68,0],1,false]},{"code":230,"indent":3,"parameters":[5]},{"code":0,"indent":3,"parameters":[]},{"code":412,"indent":2,"parameters":[]},{"code":111,"indent":2,"parameters":[1,24,0,4,0]},{"code":234,"indent":3,"parameters":[5,[-68,-68,-68,0],1,false]},{"code":230,"indent":3,"parameters":[5]},{"code":0,"indent":3,"parameters":[]},{"code":412,"indent":2,"parameters":[]},{"code":111,"indent":2,"parameters":[1,24,0,5,0]},{"code":234,"indent":3,"parameters":[6,[-68,-68,-68,0],1,false]},{"code":230,"indent":3,"parameters":[5]},{"code":0,"indent":3,"parameters":[]},{"code":412,"indent":2,"parameters":[]},{"code":111,"indent":2,"parameters":[1,24,0,6,0]},{"code":234,"indent":3,"parameters":[7,[-68,-68,-68,0],1,false]},{"code":230,"indent":3,"parameters":[5]},{"code":0,"indent":3,"parameters":[]},{"code":412,"indent":2,"parameters":[]},{"code":0,"indent":2,"parameters":[]},{"code":412,"indent":1,"parameters":[]},{"code":111,"indent":1,"parameters":[11,"ok"]},{"code":111,"indent":2,"parameters":[1,23,0,0,3]},{"code":111,"indent":3,"parameters":[1,24,0,1,0]},{"code":250,"indent":4,"parameters":[{"name":"select","volume":90,"pitch":100,"pan":0}]},{"code":101,"indent":4,"parameters":["",0,0,2]},{"code":401,"indent":4,"parameters":["A blurry photo of the killer..."]},{"code":111,"indent":4,"parameters":[1,22,0,1,5]},{"code":101,"indent":5,"parameters":["",0,0,2]},{"code":401,"indent":5,"parameters":["Maybe I should inspect the body next..."]},{"code":0,"indent":5,"parameters":[]},{"code":412,"indent":4,"parameters":[]},{"code":230,"indent":4,"parameters":[20]},{"code":0,"indent":4,"parameters":[]},{"code":412,"indent":3,"parameters":[]},{"code":111,"indent":3,"parameters":[1,24,0,2,0]},{"code":250,"indent":4,"parameters":[{"name":"select","volume":90,"pitch":100,"pan":0}]},{"code":111,"indent":4,"parameters":[0,20,0]},{"code":101,"indent":5,"parameters":["",0,0,2]},{"code":401,"indent":5,"parameters":["Found broken glass next to the body, but no signs "]},{"code":401,"indent":5,"parameters":["of a cut. There is a fragment of a label attached."]},{"code":0,"indent":5,"parameters":[]},{"code":411,"indent":4,"parameters":[]},{"code":101,"indent":5,"parameters":["",0,0,2]},{"code":401,"indent":5,"parameters":["Found broken glass next to the body, but no signs "]},{"code":401,"indent":5,"parameters":["of a cut. There is a fragment of a label attached."]},{"code":401,"indent":5,"parameters":["Maybe someone at the Farmer’s Market would know "]},{"code":401,"indent":5,"parameters":["more?"]},{"code":0,"indent":5,"parameters":[]},{"code":412,"indent":4,"parameters":[]},{"code":230,"indent":4,"parameters":[20]},{"code":0,"indent":4,"parameters":[]},{"code":412,"indent":3,"parameters":[]},{"code":111,"indent":3,"parameters":[1,24,0,3,0]},{"code":250,"indent":4,"parameters":[{"name":"select","volume":90,"pitch":100,"pan":0}]},{"code":101,"indent":4,"parameters":["",0,0,2]},{"code":401,"indent":4,"parameters":["A thin wire tied around the torso. What for?"]},{"code":230,"indent":4,"parameters":[20]},{"code":0,"indent":4,"parameters":[]},{"code":412,"indent":3,"parameters":[]},{"code":111,"indent":3,"parameters":[1,24,0,4,0]},{"code":250,"indent":4,"parameters":[{"name":"select","volume":90,"pitch":100,"pan":0}]},{"code":101,"indent":4,"parameters":["",0,0,2]},{"code":401,"indent":4,"parameters":["Sticky red stain on the head. Blood, likely."]},{"code":401,"indent":4,"parameters":["Cause of death must’ve been blunt force trauma."]},{"code":230,"indent":4,"parameters":[20]},{"code":0,"indent":4,"parameters":[]},{"code":412,"indent":3,"parameters":[]},{"code":111,"indent":3,"parameters":[1,24,0,5,0]},{"code":250,"indent":4,"parameters":[{"name":"select","volume":90,"pitch":100,"pan":0}]},{"code":101,"indent":4,"parameters":["",0,0,2]},{"code":401,"indent":4,"parameters":["The feathers on the body are ruffled and covered in "]},{"code":401,"indent":4,"parameters":["dirt. Could be signs of a struggle?"]},{"code":230,"indent":4,"parameters":[20]},{"code":0,"indent":4,"parameters":[]},{"code":412,"indent":3,"parameters":[]},{"code":111,"indent":3,"parameters":[1,24,0,6,0]},{"code":250,"indent":4,"parameters":[{"name":"select","volume":90,"pitch":100,"pan":0}]},{"code":101,"indent":4,"parameters":["",0,0,2]},{"code":401,"indent":4,"parameters":["We found the item that matches the label, Jay's Jam..."]},{"code":401,"indent":4,"parameters":["What to do now?"]},{"code":230,"indent":4,"parameters":[20]},{"code":0,"indent":4,"parameters":[]},{"code":412,"indent":3,"parameters":[]},{"code":0,"indent":3,"parameters":[]},{"code":412,"indent":2,"parameters":[]},{"code":0,"indent":2,"parameters":[]},{"code":412,"indent":1,"parameters":[]},{"code":111,"indent":1,"parameters":[11,"cancel"]},{"code":235,"indent":2,"parameters":[1]},{"code":235,"indent":2,"parameters":[2]},{"code":235,"indent":2,"parameters":[3]},{"code":235,"indent":2,"parameters":[4]},{"code":235,"indent":2,"parameters":[5]},{"code":235,"indent":2,"parameters":[6]},{"code":235,"indent":2,"parameters":[7]},{"code":235,"indent":2,"parameters":[97]},{"code":235,"indent":2,"parameters":[98]},{"code":235,"indent":2,"parameters":[99]},{"code":113,"indent":2,"parameters":[]},{"code":0,"indent":2,"parameters":[]},{"code":412,"indent":1,"parameters":[]},{"code":0,"indent":1,"parameters":[]},{"code":413,"indent":0,"parameters":[]},{"code":0,"indent":0,"parameters":[]}],"name":"ShowMurderBoard","switchId":21,"trigger":2},
{"id":4,"list":[{"code":355,"indent":0,"parameters":["//============================================================================="]},{"code":655,"indent":0,"parameters":["// EISGamePause.js                                                             "]},{"code":655,"indent":0,"parameters":["//============================================================================="]},{"code":655,"indent":0,"parameters":[""]},{"code":655,"indent":0,"parameters":["/*:"]},{"code":655,"indent":0,"parameters":["*"]},{"code":655,"indent":0,"parameters":["* @author Kino"]},{"code":655,"indent":0,"parameters":["* @plugindesc Gives you the ability to pause the game."]},{"code":655,"indent":0,"parameters":["*"]},{"code":655,"indent":0,"parameters":["* @param Pause Text"]},{"code":655,"indent":0,"parameters":["* @desc Text in the pause window."]},{"code":655,"indent":0,"parameters":["* @default Pause"]},{"code":655,"indent":0,"parameters":["*"]},{"code":655,"indent":0,"parameters":["* @param Pause Key"]},{"code":655,"indent":0,"parameters":["* @desc The key to pause the game. Example: Enter, P, Y, A, etc"]},{"code":655,"indent":0,"parameters":["* @default A"]},{"code":655,"indent":0,"parameters":["*"]},{"code":655,"indent":0,"parameters":["* @param Window Width"]},{"code":655,"indent":0,"parameters":["* @desc Width of the game pause window"]},{"code":655,"indent":0,"parameters":["* @default 125"]},{"code":655,"indent":0,"parameters":["* "]},{"code":655,"indent":0,"parameters":["* @param Window Height"]},{"code":655,"indent":0,"parameters":["* @desc Height of the game pause window."]},{"code":655,"indent":0,"parameters":["* @default 75"]},{"code":655,"indent":0,"parameters":["* "]},{"code":655,"indent":0,"parameters":["* @help"]},{"code":655,"indent":0,"parameters":["* Version 1.00"]},{"code":655,"indent":0,"parameters":["//============================================================================="]},{"code":655,"indent":0,"parameters":["// Features                                                             "]},{"code":655,"indent":0,"parameters":["//============================================================================="]},{"code":655,"indent":0,"parameters":["*"]},{"code":655,"indent":0,"parameters":["* - Pauses the game."]},{"code":655,"indent":0,"parameters":["* - Stops the game clock."]},{"code":655,"indent":0,"parameters":["* "]},{"code":655,"indent":0,"parameters":["//============================================================================="]},{"code":655,"indent":0,"parameters":["//  Contact Information"]},{"code":655,"indent":0,"parameters":["//============================================================================="]},{"code":655,"indent":0,"parameters":["*"]},{"code":655,"indent":0,"parameters":["* Contact me via twitter: EISKino, or on the rpg maker forums."]},{"code":655,"indent":0,"parameters":["* Username on forums: Kino."]},{"code":655,"indent":0,"parameters":["*"]},{"code":655,"indent":0,"parameters":["* Forum Link: http://forums.rpgmakerweb.com/index.php?/profile/75879-kino/"]},{"code":655,"indent":0,"parameters":["* Website Link: http://endlessillusoft.com/"]},{"code":655,"indent":0,"parameters":["* Twitter Link: https://twitter.com/EISKino"]},{"code":655,"indent":0,"parameters":["* Patreon Link: https://www.patreon.com/EISKino"]},{"code":655,"indent":0,"parameters":["*"]},{"code":655,"indent":0,"parameters":["* Hope this plugin helps, and enjoy!"]},{"code":655,"indent":0,"parameters":["* --Kino"]},{"code":655,"indent":0,"parameters":["*/"]},{"code":655,"indent":0,"parameters":[""]},{"code":655,"indent":0,"parameters":[""]},{"code":655,"indent":0,"parameters":["(function() {"]},{"code":655,"indent":0,"parameters":[""]},{"code":655,"indent":0,"parameters":["  var params = PluginManager.parameters(\"EISGamePause\");"]},{"code":655,"indent":0,"parameters":["  var pauseText = params['Pause Text'];"]},{"code":655,"indent":0,"parameters":["  var pauseKey = params['Pause Key'].toUpperCase().charCodeAt(0);"]},{"code":655,"indent":0,"parameters":["  var windowWidth = Number(params['Window Width']);"]},{"code":655,"indent":0,"parameters":["  var windowHeight = Number(params['Window Height']);"]},{"code":655,"indent":0,"parameters":[""]},{"code":655,"indent":0,"parameters":["  function setup() {"]},{"code":655,"indent":0,"parameters":["    'use strict';"]},{"code":655,"indent":0,"parameters":[""]},{"code":655,"indent":0,"parameters":["//============================================================================="]},{"code":655,"indent":0,"parameters":["// Scene_Pause                                                             "]},{"code":655,"indent":0,"parameters":["//============================================================================="]},{"code":655,"indent":0,"parameters":[""]},{"code":655,"indent":0,"parameters":["    class Scene_Pause extends Scene_MenuBase {"]},{"code":655,"indent":0,"parameters":["      "]},{"code":655,"indent":0,"parameters":["      constructor() {"]},{"code":655,"indent":0,"parameters":["        super();"]},{"code":655,"indent":0,"parameters":["      }"]},{"code":655,"indent":0,"parameters":[""]},{"code":655,"indent":0,"parameters":["      create() {"]},{"code":655,"indent":0,"parameters":["        super.create();"]},{"code":655,"indent":0,"parameters":["        this.createPauseWindow();"]},{"code":655,"indent":0,"parameters":["      }"]},{"code":655,"indent":0,"parameters":[""]},{"code":655,"indent":0,"parameters":["      createPauseWindow() {"]},{"code":655,"indent":0,"parameters":["        this._pauseWindow = new Window_Pause((Graphics.width / 2) - (windowWidth / 2), (Graphics.height / 2) - (windowHeight / 2), windowWidth, windowHeight);"]},{"code":655,"indent":0,"parameters":["        this.addWindow(this._pauseWindow);"]},{"code":655,"indent":0,"parameters":["      }"]},{"code":655,"indent":0,"parameters":[""]},{"code":655,"indent":0,"parameters":["      update() {"]},{"code":655,"indent":0,"parameters":["        super.update();"]},{"code":655,"indent":0,"parameters":["        this.processExit();"]},{"code":655,"indent":0,"parameters":["      }"]},{"code":655,"indent":0,"parameters":[""]},{"code":655,"indent":0,"parameters":["      processExit() {"]},{"code":655,"indent":0,"parameters":["        if(Input.isPressed('cancel') || TouchInput.isCancelled()) {"]},{"code":655,"indent":0,"parameters":["          this.popScene();"]},{"code":655,"indent":0,"parameters":["        }//============================================================================="]},{"code":655,"indent":0,"parameters":["// EISGamePause.js                                                             "]},{"code":655,"indent":0,"parameters":["//============================================================================="]},{"code":655,"indent":0,"parameters":[""]},{"code":655,"indent":0,"parameters":["/*:"]},{"code":655,"indent":0,"parameters":["*"]},{"code":655,"indent":0,"parameters":["* @author Kino"]},{"code":655,"indent":0,"parameters":["* @plugindesc Gives you the ability to pause the game."]},{"code":655,"indent":0,"parameters":["*"]},{"code":655,"indent":0,"parameters":["* @param Pause Text"]},{"code":655,"indent":0,"parameters":["* @desc Text in the pause window."]},{"code":655,"indent":0,"parameters":["* @default Pause"]},{"code":655,"indent":0,"parameters":["*"]},{"code":655,"indent":0,"parameters":["* @param Pause Key"]},{"code":655,"indent":0,"parameters":["* @desc The key to pause the game. Example: Enter, P, Y, A, etc"]},{"code":655,"indent":0,"parameters":["* @default A"]},{"code":655,"indent":0,"parameters":["*"]},{"code":655,"indent":0,"parameters":["* @param Window Width"]},{"code":655,"indent":0,"parameters":["* @desc Width of the game pause window"]},{"code":655,"indent":0,"parameters":["* @default 125"]},{"code":655,"indent":0,"parameters":["* "]},{"code":655,"indent":0,"parameters":["* @param Window Height"]},{"code":655,"indent":0,"parameters":["* @desc Height of the game pause window."]},{"code":655,"indent":0,"parameters":["* @default 75"]},{"code":655,"indent":0,"parameters":["* "]},{"code":655,"indent":0,"parameters":["* @help"]},{"code":655,"indent":0,"parameters":["* Version 1.00"]},{"code":655,"indent":0,"parameters":["//============================================================================="]},{"code":655,"indent":0,"parameters":["// Features                                                             "]},{"code":655,"indent":0,"parameters":["//============================================================================="]},{"code":655,"indent":0,"parameters":["*"]},{"code":655,"indent":0,"parameters":["* - Pauses the game."]},{"code":655,"indent":0,"parameters":["* - Stops the game clock."]},{"code":655,"indent":0,"parameters":["* "]},{"code":655,"indent":0,"parameters":["//============================================================================="]},{"code":655,"indent":0,"parameters":["//  Contact Information"]},{"code":655,"indent":0,"parameters":["//============================================================================="]},{"code":655,"indent":0,"parameters":["*"]},{"code":655,"indent":0,"parameters":["* Contact me via twitter: EISKino, or on the rpg maker forums."]},{"code":655,"indent":0,"parameters":["* Username on forums: Kino."]},{"code":655,"indent":0,"parameters":["*"]},{"code":655,"indent":0,"parameters":["* Forum Link: http://forums.rpgmakerweb.com/index.php?/profile/75879-kino/"]},{"code":655,"indent":0,"parameters":["* Website Link: http://endlessillusoft.com/"]},{"code":655,"indent":0,"parameters":["* Twitter Link: https://twitter.com/EISKino"]},{"code":655,"indent":0,"parameters":["* Patreon Link: https://www.patreon.com/EISKino"]},{"code":655,"indent":0,"parameters":["*"]},{"code":655,"indent":0,"parameters":["* Hope this plugin helps, and enjoy!"]},{"code":655,"indent":0,"parameters":["* --Kino"]},{"code":655,"indent":0,"parameters":["*/"]},{"code":655,"indent":0,"parameters":[""]},{"code":655,"indent":0,"parameters":[""]},{"code":655,"indent":0,"parameters":["(function() {"]},{"code":655,"indent":0,"parameters":[""]},{"code":655,"indent":0,"parameters":["  var params = PluginManager.parameters(\"EISGamePause\");"]},{"code":655,"indent":0,"parameters":["  var pauseText = params['Pause Text'];"]},{"code":655,"indent":0,"parameters":["  var pauseKey = params['Pause Key'].toUpperCase().charCodeAt(0);"]},{"code":655,"indent":0,"parameters":["  var windowWidth = Number(params['Window Width']);"]},{"code":655,"indent":0,"parameters":["  var windowHeight = Number(params['Window Height']);"]},{"code":655,"indent":0,"parameters":[""]},{"code":655,"indent":0,"parameters":["  function setup() {"]},{"code":655,"indent":0,"parameters":["    'use strict';"]},{"code":655,"indent":0,"parameters":[""]},{"code":655,"indent":0,"parameters":["//============================================================================="]},{"code":655,"indent":0,"parameters":["// Scene_Pause                                                             "]},{"code":655,"indent":0,"parameters":["//============================================================================="]},{"code":655,"indent":0,"parameters":[""]},{"code":655,"indent":0,"parameters":["    class Scene_Pause extends Scene_MenuBase {"]},{"code":655,"indent":0,"parameters":["      "]},{"code":655,"indent":0,"parameters":["      constructor() {"]},{"code":655,"indent":0,"parameters":["        super();"]},{"code":655,"indent":0,"parameters":["      }"]},{"code":655,"indent":0,"parameters":[""]},{"code":655,"indent":0,"parameters":["      create() {"]},{"code":655,"indent":0,"parameters":["        super.create();"]},{"code":655,"indent":0,"parameters":["        this.createPauseWindow();"]},{"code":655,"indent":0,"parameters":["      }"]},{"code":655,"indent":0,"parameters":[""]},{"code":655,"indent":0,"parameters":["      createPauseWindow() {"]},{"code":655,"indent":0,"parameters":["        this._pauseWindow = new Window_Pause((Graphics.width / 2) - (windowWidth / 2), (Graphics.height / 2) - (windowHeight / 2), windowWidth, windowHeight);"]},{"code":655,"indent":0,"parameters":["        this.addWindow(this._pauseWindow);"]},{"code":655,"indent":0,"parameters":["      }"]},{"code":655,"indent":0,"parameters":[""]},{"code":655,"indent":0,"parameters":["      update() {"]},{"code":655,"indent":0,"parameters":["        super.update();"]},{"code":655,"indent":0,"parameters":["        this.processExit();"]},{"code":655,"indent":0,"parameters":["      }"]},{"code":655,"indent":0,"parameters":[""]},{"code":655,"indent":0,"parameters":["      processExit() {"]},{"code":655,"indent":0,"parameters":["        if(Input.isPressed('cancel') || TouchInput.isCancelled()) {"]},{"code":655,"indent":0,"parameters":["          this.popScene();"]},{"code":655,"indent":0,"parameters":["        }"]},{"code":655,"indent":0,"parameters":["      }"]},{"code":655,"indent":0,"parameters":["    }"]},{"code":655,"indent":0,"parameters":["//============================================================================="]},{"code":655,"indent":0,"parameters":["// Window_Pause                                                             "]},{"code":655,"indent":0,"parameters":["//============================================================================="]},{"code":655,"indent":0,"parameters":["    class Window_Pause extends Window_Base {"]},{"code":655,"indent":0,"parameters":["      constructor(x, y, width, height) {"]},{"code":655,"indent":0,"parameters":["        super(x, y, width, height);"]},{"code":655,"indent":0,"parameters":["      }"]},{"code":655,"indent":0,"parameters":[""]},{"code":655,"indent":0,"parameters":["      update() {"]},{"code":655,"indent":0,"parameters":["        super.update();"]},{"code":655,"indent":0,"parameters":["        this.refresh();"]},{"code":655,"indent":0,"parameters":["      }"]},{"code":655,"indent":0,"parameters":[""]},{"code":655,"indent":0,"parameters":["      refresh() {"]},{"code":655,"indent":0,"parameters":["        if(this.contents) {"]},{"code":655,"indent":0,"parameters":["          this.contents.clear();"]},{"code":655,"indent":0,"parameters":["          this.drawPause();"]},{"code":655,"indent":0,"parameters":["        }"]},{"code":655,"indent":0,"parameters":["      }"]},{"code":655,"indent":0,"parameters":[""]},{"code":655,"indent":0,"parameters":["      drawPause() {"]},{"code":655,"indent":0,"parameters":["        let midPoint = (this."]},{"code":0,"indent":0,"parameters":[]}],"name":"Open Pause Menu","switchId":1,"trigger":0}
]