{
"autoplayBgm": true,
"autoplayBgs": false,
"battleback1Name": "",
"battleback2Name": "",
"bgm": {
"name": "thenest_alley",
"pan": 0,
"pitch": 100,
"volume": 90
},
"bgs": {
"name": "",
"pan": 0,
"pitch": 100,
"volume": 90
},
"disableDashing": false,
"displayName": "",
"encounterList": [],
"encounterStep": 30,
"height": 7,
"note": "",
"parallaxLoopX": false,
"parallaxLoopY": false,
"parallaxName": "",
"parallaxShow": true,
"parallaxSx": 0,
"parallaxSy": 0,
"scrollType": 0,
"specifyBattleback": false,
"tilesetId": 3,
"width": 6,
"data": [
6008,
4080,
4088,
6672,
6656,
6656,
6008,
4080,
4088,
6672,
6656,
6656,
6008,
4080,
4088,
6696,
6684,
6684,
6008,
4080,
4066,
4084,
4084,
4084,
6008,
4080,
4064,
4064,
4064,
4064,
6008,
4104,
4092,
4092,
4092,
4092,
5986,
6004,
6004,
6004,
6004,
6004,
0,
4128,
4136,
0,
0,
0,
0,
4128,
4136,
0,
0,
0,
0,
4128,
4136,
0,
0,
0,
0,
4128,
4114,
4132,
4148,
4194,
0,
4128,
4112,
4112,
4136,
4176,
0,
4152,
4140,
4140,
4150,
4200,
0,
0,
0,
0,
0,
0,
0,
0,
0,
0,
0,
0,
0,
0,
0,
0,
0,
0,
0,
0,
0,
0,
0,
0,
0,
0,
0,
0,
0,
0,
0,
0,
0,
0,
0,
0,
0,
0,
0,
0,
0,
0,
0,
0,
0,
0,
0,
0,
0,
0,
0,
0,
0,
0,
0,
0,
0,
0,
0,
0,
0,
0,
0,
0,
0,
0,
0,
0,
0,
0,
0,
0,
0,
0,
0,
0,
0,
0,
0,
0,
0,
0,
0,
0,
0,
0,
0,
0,
0,
0,
0,
1073741829,
0,
0,
0,
0,
0,
5,
0,
0,
0,
0,
0,
5,
0,
0,
0,
0,
0,
5,
0,
0,
0,
0,
0,
5,
0,
0,
0,
0,
0,
5,
0,
0,
0,
0,
0,
0,
0,
0,
0,
0,
0,
0,
0,
0,
0,
0,
0,
0,
0,
0,
0,
0,
0,
0,
0,
0,
0,
0,
0,
0,
0,
0,
0,
0,
0,
0,
0,
0,
0,
0,
0,
0,
0,
0,
0,
0,
0,
0,
0,
0,
0,
0
],
"events": [
null,
{
"id": 1,
"name": "EV001",
"note": "",
"pages": [
{
"conditions": {
"actorId": 1,
"actorValid": false,
"itemId": 1,
"itemValid": false,
"selfSwitchCh": "A",
"selfSwitchValid": false,
"switch1Id": 1,
"switch1Valid": false,
"switch2Id": 1,
"switch2Valid": false,
"variableId": 1,
"variableValid": false,
"variableValue": 0
},
"directionFix": false,
"image": {
"characterIndex": 0,
"characterName": "",
"direction": 2,
"pattern": 0,
"tileId": 0
},
"list": [
{
"code": 242,
"indent": 0,
"parameters": [
1
]
},
{
"code": 201,
"indent": 0,
"parameters": [
0,
7,
1,
8,
0,
0
]
},
{
"code": 0,
"indent": 0,
"parameters": []
}
],
"moveFrequency": 3,
"moveRoute": {
"list": [
{
"code": 0,
"parameters": []
}
],
"repeat": true,
"skippable": false,
"wait": false
},
"moveSpeed": 3,
"moveType": 0,
"priorityType": 0,
"stepAnime": false,
"through": false,
"trigger": 1,
"walkAnime": true
}
],
"x": 5,
"y": 3
},
{
"id": 2,
"name": "EV002",
"note": "",
"pages": [
{
"conditions": {
"actorId": 1,
"actorValid": false,
"itemId": 1,
"itemValid": false,
"selfSwitchCh": "A",
"selfSwitchValid": false,
"switch1Id": 1,
"switch1Valid": false,
"switch2Id": 1,
"switch2Valid": false,
"variableId": 1,
"variableValid": false,
"variableValue": 0
},
"directionFix": false,
"image": {
"characterIndex": 0,
"characterName": "",
"direction": 2,
"pattern": 0,
"tileId": 0
},
"list": [
{
"code": 242,
"indent": 0,
"parameters": [
1
]
},
{
"code": 201,
"indent": 0,
"parameters": [
0,
7,
1,
9,
0,
0
]
},
{
"code": 0,
"indent": 0,
"parameters": []
}
],
"moveFrequency": 3,
"moveRoute": {
"list": [
{
"code": 0,
"parameters": []
}
],
"repeat": true,
"skippable": false,
"wait": false
},
"moveSpeed": 3,
"moveType": 0,
"priorityType": 0,
"stepAnime": false,
"through": false,
"trigger": 1,
"walkAnime": true
}
],
"x": 5,
"y": 4
},
{
"id": 3,
"name": "EV003",
"note": "",
"pages": [
{
"conditions": {
"actorId": 1,
"actorValid": false,
"itemId": 1,
"itemValid": false,
"selfSwitchCh": "A",
"selfSwitchValid": false,
"switch1Id": 1,
"switch1Valid": false,
"switch2Id": 1,
"switch2Valid": false,
"variableId": 1,
"variableValid": false,
"variableValue": 0
},
"directionFix": false,
"image": {
"characterIndex": 0,
"characterName": "",
"direction": 2,
"pattern": 0,
"tileId": 0
},
"list": [
{
"code": 242,
"indent": 0,
"parameters": [
1
]
},
{
"code": 201,
"indent": 0,
"parameters": [
0,
7,
1,
10,
0,
0
]
},
{
"code": 0,
"indent": 0,
"parameters": []
}
],
"moveFrequency": 3,
"moveRoute": {
"list": [
{
"code": 0,
"parameters": []
}
],
"repeat": true,
"skippable": false,
"wait": false
},
"moveSpeed": 3,
"moveType": 0,
"priorityType": 0,
"stepAnime": false,
"through": false,
"trigger": 1,
"walkAnime": true
}
],
"x": 5,
"y": 5
},
{
"id": 4,
"name": "EV004",
"note": "",
"pages": [
{
"conditions": {
"actorId": 1,
"actorValid": false,
"itemId": 1,
"itemValid": false,
"selfSwitchCh": "A",
"selfSwitchValid": false,
"switch1Id": 1,
"switch1Valid": false,
"switch2Id": 1,
"switch2Valid": false,
"variableId": 1,
"variableValid": false,
"variableValue": 0
},
"directionFix": false,
"image": {
"characterIndex": 0,
"characterName": "",
"direction": 2,
"pattern": 0,
"tileId": 0
},
"list": [
{
"code": 111,
"indent": 0,
"parameters": [
6,
-1,
8
]
},
{
"code": 242,
"indent": 1,
"parameters": [
1
]
},
{
"code": 201,
"indent": 1,
"parameters": [
0,
1,
4,
15,
8,
0
]
},
{
"code": 241,
"indent": 1,
"parameters": [
{
"name": "townsquare",
"volume": 90,
"pitch": 100,
"pan": 0
}
]
},
{
"code": 0,
"indent": 1,
"parameters": []
},
{
"code": 412,
"indent": 0,
"parameters": []
},
{
"code": 0,
"indent": 0,
"parameters": []
}
],
"moveFrequency": 3,
"moveRoute": {
"list": [
{
"code": 0,
"parameters": []
}
],
"repeat": true,
"skippable": false,
"wait": false
},
"moveSpeed": 3,
"moveType": 0,
"priorityType": 0,
"stepAnime": false,
"through": false,
"trigger": 1,
"walkAnime": true
}
],
"x": 1,
"y": 0
},
{
"id": 5,
"name": "EV005",
"note": "",
"pages": [
{
"conditions": {
"actorId": 1,
"actorValid": false,
"itemId": 1,
"itemValid": false,
"selfSwitchCh": "A",
"selfSwitchValid": false,
"switch1Id": 1,
"switch1Valid": false,
"switch2Id": 1,
"switch2Valid": false,
"variableId": 1,
"variableValid": false,
"variableValue": 0
},
"directionFix": false,
"image": {
"characterIndex": 0,
"characterName": "",
"direction": 2,
"pattern": 0,
"tileId": 0
},
"list": [
{
"code": 111,
"indent": 0,
"parameters": [
6,
-1,
8
]
},
{
"code": 242,
"indent": 1,
"parameters": [
1
]
},
{
"code": 201,
"indent": 1,
"parameters": [
0,
1,
5,
15,
8,
0
]
},
{
"code": 241,
"indent": 1,
"parameters": [
{
"name": "townsquare",
"volume": 90,
"pitch": 100,
"pan": 0
}
]
},
{
"code": 0,
"indent": 1,
"parameters": []
},
{
"code": 412,
"indent": 0,
"parameters": []
},
{
"code": 0,
"indent": 0,
"parameters": []
}
],
"moveFrequency": 3,
"moveRoute": {
"list": [
{
"code": 0,
"parameters": []
}
],
"repeat": true,
"skippable": false,
"wait": false
},
"moveSpeed": 3,
"moveType": 0,
"priorityType": 0,
"stepAnime": false,
"through": false,
"trigger": 1,
"walkAnime": true
}
],
"x": 2,
"y": 0
}
]
}