[
null,
{"id":1,"list":[{"code":216,"indent":0,"parameters":[0]},{"code":0,"indent":0,"parameters":[]}],"name":"Show Followers","switchId":1,"trigger":0},
{"id":2,"list":[{"code":216,"indent":0,"parameters":[1]},{"code":0,"indent":0,"parameters":[]}],"name":"Hide Followers","switchId":1,"trigger":0},
{"id":3,"list":[{"code":231,"indent":0,"parameters":[1,"coarkboard",1,0,400,300,125,125,255,0]},{"code":111,"indent":0,"parameters":[1,23,0,1,1]},{"code":231,"indent":1,"parameters":[2,"polaroid",1,0,250,250,100,100,255,0]},{"code":0,"indent":1,"parameters":[]},{"code":412,"indent":0,"parameters":[]},{"code":111,"indent":0,"parameters":[1,23,0,2,1]},{"code":231,"indent":1,"parameters":[3,"polaroid",1,0,400,250,100,100,255,0]},{"code":0,"indent":1,"parameters":[]},{"code":412,"indent":0,"parameters":[]},{"code":111,"indent":0,"parameters":[1,23,0,3,1]},{"code":231,"indent":1,"parameters":[4,"polaroid",1,0,550,250,100,100,255,0]},{"code":0,"indent":1,"parameters":[]},{"code":412,"indent":0,"parameters":[]},{"code":234,"indent":0,"parameters":[2,[136,136,136,0],1,true]},{"code":230,"indent":0,"parameters":[10]},{"code":122,"indent":0,"parameters":[24,24,0,0,1]},{"code":112,"indent":0,"parameters":[]},{"code":205,"indent":1,"parameters":[-1,{"list":[{"code":15,"parameters":[5],"indent":null},{"code":0}],"repeat":false,"skippable":false,"wait":true}]},{"code":505,"indent":1,"parameters":[{"code":15,"parameters":[5],"indent":null}]},{"code":111,"indent":1,"parameters":[11,"left"]},{"code":122,"indent":2,"parameters":[24,24,2,0,1]},{"code":0,"indent":2,"parameters":[]},{"code":412,"indent":1,"parameters":[]},{"code":111,"indent":1,"parameters":[11,"right"]},{"code":122,"indent":2,"parameters":[24,24,1,0,1]},{"code":0,"indent":2,"parameters":[]},{"code":412,"indent":1,"parameters":[]},{"code":111,"indent":1,"parameters":[1,1,0,0,0]},{"code":122,"indent":2,"parameters":[24,24,0,1,23]},{"code":0,"indent":2,"parameters":[]},{"code":412,"indent":1,"parameters":[]},{"code":111,"indent":1,"parameters":[1,24,1,23,3]},{"code":122,"indent":2,"parameters":[24,24,0,0,1]},{"code":0,"indent":2,"parameters":[]},{"code":412,"indent":1,"parameters":[]},{"code":234,"indent":1,"parameters":[2,[0,0,0,0],1,false]},{"code":234,"indent":1,"parameters":[3,[0,0,0,0],1,false]},{"code":234,"indent":1,"parameters":[4,[0,0,0,0],1,false]},{"code":111,"indent":1,"parameters":[1,24,0,1,0]},{"code":234,"indent":2,"parameters":[2,[119,119,119,0],1,false]},{"code":0,"indent":2,"parameters":[]},{"code":412,"indent":1,"parameters":[]},{"code":111,"indent":1,"parameters":[1,24,0,2,0]},{"code":234,"indent":2,"parameters":[3,[119,119,119,0],1,false]},{"code":0,"indent":2,"parameters":[]},{"code":412,"indent":1,"parameters":[]},{"code":111,"indent":1,"parameters":[1,24,0,3,0]},{"code":234,"indent":2,"parameters":[4,[119,119,119,0],1,false]},{"code":0,"indent":2,"parameters":[]},{"code":412,"indent":1,"parameters":[]},{"code":111,"indent":1,"parameters":[11,"ok"]},{"code":111,"indent":2,"parameters":[1,23,0,0,3]},{"code":111,"indent":3,"parameters":[1,24,0,1,0]},{"code":101,"indent":4,"parameters":["",0,0,2]},{"code":401,"indent":4,"parameters":["Number 1 was selected!"]},{"code":111,"indent":4,"parameters":[1,24,0,2,0]},{"code":101,"indent":5,"parameters":["",0,0,2]},{"code":401,"indent":5,"parameters":["Number 2 was selected!"]},{"code":0,"indent":5,"parameters":[]},{"code":412,"indent":4,"parameters":[]},{"code":0,"indent":4,"parameters":[]},{"code":412,"indent":3,"parameters":[]},{"code":0,"indent":3,"parameters":[]},{"code":412,"indent":2,"parameters":[]},{"code":0,"indent":2,"parameters":[]},{"code":412,"indent":1,"parameters":[]},{"code":111,"indent":1,"parameters":[11,"cancel"]},{"code":235,"indent":2,"parameters":[1]},{"code":235,"indent":2,"parameters":[2]},{"code":235,"indent":2,"parameters":[3]},{"code":235,"indent":2,"parameters":[4]},{"code":113,"indent":2,"parameters":[]},{"code":0,"indent":2,"parameters":[]},{"code":412,"indent":1,"parameters":[]},{"code":0,"indent":1,"parameters":[]},{"code":413,"indent":0,"parameters":[]},{"code":0,"indent":0,"parameters":[]}],"name":"ShowMurderBoard","switchId":21,"trigger":2},
{"id":4,"list":[{"code":0,"indent":0,"parameters":[]}],"name":"","switchId":1,"trigger":0}
]