[
null,
{"id":1,"list":[{"code":216,"indent":0,"parameters":[0]},{"code":0,"indent":0,"parameters":[]}],"name":"Show Followers","switchId":1,"trigger":0},
{"id":2,"list":[{"code":216,"indent":0,"parameters":[1]},{"code":0,"indent":0,"parameters":[]}],"name":"Hide Followers","switchId":1,"trigger":0},
{"id":3,"list":[{"code":111,"indent":0,"parameters":[0,81,0]},{"code":121,"indent":1,"parameters":[82,82,0]},{"code":0,"indent":1,"parameters":[]},{"code":412,"indent":0,"parameters":[]},{"code":231,"indent":0,"parameters":[1,"murderboarddark",0,0,50,50,100,100,255,0]},{"code":111,"indent":0,"parameters":[1,21,0,1,0]},{"code":231,"indent":1,"parameters":[2,"clue7",1,0,413,160,100,100,255,0]},{"code":231,"indent":1,"parameters":[90,"clue1ties",0,0,50,50,100,100,255,0]},{"code":0,"indent":1,"parameters":[]},{"code":412,"indent":0,"parameters":[]},{"code":111,"indent":0,"parameters":[1,22,0,1,0]},{"code":231,"indent":1,"parameters":[3,"clue2_2",1,0,195,165,100,100,255,0]},{"code":231,"indent":1,"parameters":[4,"clue2_3",1,0,150,285,100,100,255,0]},{"code":231,"indent":1,"parameters":[5,"clue2_4",1,0,165,398,100,100,255,0]},{"code":231,"indent":1,"parameters":[6,"clue2_1",1,0,275,500,100,100,255,0]},{"code":231,"indent":1,"parameters":[91,"clue2ties",0,0,50,50,100,100,255,0]},{"code":0,"indent":1,"parameters":[]},{"code":412,"indent":0,"parameters":[]},{"code":111,"indent":0,"parameters":[1,25,0,1,0]},{"code":231,"indent":1,"parameters":[7,"clue3",1,0,413,350,100,100,255,0]},{"code":231,"indent":1,"parameters":[92,"clue3ties",0,0,50,50,100,100,255,0]},{"code":0,"indent":1,"parameters":[]},{"code":412,"indent":0,"parameters":[]},{"code":111,"indent":0,"parameters":[1,87,0,1,0]},{"code":231,"indent":1,"parameters":[8,"clue10",1,0,541,500,100,100,255,0]},{"code":231,"indent":1,"parameters":[93,"clue4and5mainties",0,0,50,50,100,100,255,0]},{"code":231,"indent":1,"parameters":[94,"cluefeathersties",0,0,50,50,100,100,255,0]},{"code":0,"indent":1,"parameters":[]},{"code":412,"indent":0,"parameters":[]},{"code":111,"indent":0,"parameters":[1,88,0,1,0]},{"code":231,"indent":1,"parameters":[9,"clue11",1,0,651,398,100,100,255,0]},{"code":231,"indent":1,"parameters":[93,"clue4and5mainties",0,0,50,50,100,100,255,0]},{"code":231,"indent":1,"parameters":[95,"cluedragmarksties",0,0,50,50,100,100,255,0]},{"code":0,"indent":1,"parameters":[]},{"code":412,"indent":0,"parameters":[]},{"code":111,"indent":0,"parameters":[0,62,0]},{"code":231,"indent":1,"parameters":[10,"clue8",1,0,621,165,100,100,255,0]},{"code":231,"indent":1,"parameters":[93,"clue4and5mainties",0,0,50,50,100,100,255,0]},{"code":231,"indent":1,"parameters":[96,"cluehookredlines",0,0,50,50,100,100,255,0]},{"code":0,"indent":1,"parameters":[]},{"code":412,"indent":0,"parameters":[]},{"code":111,"indent":0,"parameters":[0,63,0]},{"code":231,"indent":1,"parameters":[11,"clue9",1,0,666,285,100,100,255,0]},{"code":231,"indent":1,"parameters":[93,"clue4and5mainties",0,0,50,50,100,100,255,0]},{"code":231,"indent":1,"parameters":[97,"cluespilledjarties",0,0,50,50,100,100,255,0]},{"code":0,"indent":1,"parameters":[]},{"code":412,"indent":0,"parameters":[]},{"code":111,"indent":0,"parameters":[0,137,0]},{"code":231,"indent":1,"parameters":[12,"clue12",1,0,413,500,100,100,255,0]},{"code":0,"indent":1,"parameters":[]},{"code":411,"indent":0,"parameters":[]},{"code":111,"indent":1,"parameters":[0,103,0]},{"code":231,"indent":2,"parameters":[12,"clue12",1,0,413,500,100,100,255,0]},{"code":0,"indent":2,"parameters":[]},{"code":412,"indent":1,"parameters":[]},{"code":0,"indent":1,"parameters":[]},{"code":412,"indent":0,"parameters":[]},{"code":356,"indent":0,"parameters":["DetectPictureClick On 2"]},{"code":356,"indent":0,"parameters":["DetectPictureClick On 3"]},{"code":356,"indent":0,"parameters":["DetectPictureClick On 4"]},{"code":356,"indent":0,"parameters":["DetectPictureClick On 5"]},{"code":356,"indent":0,"parameters":["DetectPictureClick On 6"]},{"code":356,"indent":0,"parameters":["DetectPictureClick On 7"]},{"code":356,"indent":0,"parameters":["DetectPictureClick On 8"]},{"code":356,"indent":0,"parameters":["DetectPictureClick On 9"]},{"code":356,"indent":0,"parameters":["DetectPictureClick On 10"]},{"code":356,"indent":0,"parameters":["DetectPictureClick On 11"]},{"code":356,"indent":0,"parameters":["DetectPictureClick On 12"]},{"code":230,"indent":0,"parameters":[10]},{"code":112,"indent":0,"parameters":[]},{"code":111,"indent":1,"parameters":[12,"$gameScreen.isPointerInnerPicture(2)"]},{"code":231,"indent":2,"parameters":[80,"selectionborder",1,0,413,160,105,105,255,0]},{"code":0,"indent":2,"parameters":[]},{"code":411,"indent":1,"parameters":[]},{"code":235,"indent":2,"parameters":[80]},{"code":0,"indent":2,"parameters":[]},{"code":412,"indent":1,"parameters":[]},{"code":111,"indent":1,"parameters":[12,"$gameScreen.isPointerInnerPicture(3)"]},{"code":231,"indent":2,"parameters":[81,"selectionborder",1,0,195,165,105,105,255,0]},{"code":0,"indent":2,"parameters":[]},{"code":411,"indent":1,"parameters":[]},{"code":235,"indent":2,"parameters":[81]},{"code":0,"indent":2,"parameters":[]},{"code":412,"indent":1,"parameters":[]},{"code":111,"indent":1,"parameters":[12,"$gameScreen.isPointerInnerPicture(4)"]},{"code":231,"indent":2,"parameters":[82,"selectionborder",1,0,150,285,105,105,255,0]},{"code":0,"indent":2,"parameters":[]},{"code":411,"indent":1,"parameters":[]},{"code":235,"indent":2,"parameters":[82]},{"code":0,"indent":2,"parameters":[]},{"code":412,"indent":1,"parameters":[]},{"code":111,"indent":1,"parameters":[12,"$gameScreen.isPointerInnerPicture(5)"]},{"code":231,"indent":2,"parameters":[83,"selectionborder",1,0,165,398,105,105,255,0]},{"code":0,"indent":2,"parameters":[]},{"code":411,"indent":1,"parameters":[]},{"code":235,"indent":2,"parameters":[83]},{"code":0,"indent":2,"parameters":[]},{"code":412,"indent":1,"parameters":[]},{"code":111,"indent":1,"parameters":[12,"$gameScreen.isPointerInnerPicture(6)"]},{"code":231,"indent":2,"parameters":[84,"selectionborder",1,0,275,500,105,105,255,0]},{"code":0,"indent":2,"parameters":[]},{"code":411,"indent":1,"parameters":[]},{"code":235,"indent":2,"parameters":[84]},{"code":0,"indent":2,"parameters":[]},{"code":412,"indent":1,"parameters":[]},{"code":111,"indent":1,"parameters":[12,"$gameScreen.isPointerInnerPicture(7)"]},{"code":231,"indent":2,"parameters":[85,"selectionborder",1,0,413,350,105,105,255,0]},{"code":0,"indent":2,"parameters":[]},{"code":411,"indent":1,"parameters":[]},{"code":235,"indent":2,"parameters":[85]},{"code":0,"indent":2,"parameters":[]},{"code":412,"indent":1,"parameters":[]},{"code":111,"indent":1,"parameters":[12,"$gameScreen.isPointerInnerPicture(8)"]},{"code":231,"indent":2,"parameters":[86,"selectionborder",1,0,541,500,105,105,255,0]},{"code":0,"indent":2,"parameters":[]},{"code":411,"indent":1,"parameters":[]},{"code":235,"indent":2,"parameters":[86]},{"code":0,"indent":2,"parameters":[]},{"code":412,"indent":1,"parameters":[]},{"code":111,"indent":1,"parameters":[12,"$gameScreen.isPointerInnerPicture(9)"]},{"code":231,"indent":2,"parameters":[87,"selectionborder",1,0,651,398,105,105,255,0]},{"code":0,"indent":2,"parameters":[]},{"code":411,"indent":1,"parameters":[]},{"code":235,"indent":2,"parameters":[87]},{"code":0,"indent":2,"parameters":[]},{"code":412,"indent":1,"parameters":[]},{"code":111,"indent":1,"parameters":[12,"$gameScreen.isPointerInnerPicture(10)"]},{"code":231,"indent":2,"parameters":[88,"selectionborder",1,0,621,165,105,105,255,0]},{"code":0,"indent":2,"parameters":[]},{"code":411,"indent":1,"parameters":[]},{"code":235,"indent":2,"parameters":[88]},{"code":0,"indent":2,"parameters":[]},{"code":412,"indent":1,"parameters":[]},{"code":111,"indent":1,"parameters":[12,"$gameScreen.isPointerInnerPicture(11)"]},{"code":231,"indent":2,"parameters":[89,"selectionborder",1,0,666,285,105,105,255,0]},{"code":0,"indent":2,"parameters":[]},{"code":411,"indent":1,"parameters":[]},{"code":235,"indent":2,"parameters":[89]},{"code":0,"indent":2,"parameters":[]},{"code":412,"indent":1,"parameters":[]},{"code":111,"indent":1,"parameters":[12,"$gameScreen.isPointerInnerPicture(12)"]},{"code":231,"indent":2,"parameters":[98,"selectionborder",1,0,413,500,105,105,255,0]},{"code":0,"indent":2,"parameters":[]},{"code":411,"indent":1,"parameters":[]},{"code":235,"indent":2,"parameters":[98]},{"code":0,"indent":2,"parameters":[]},{"code":412,"indent":1,"parameters":[]},{"code":111,"indent":1,"parameters":[12,"DetectPictureClick.Press(2)"]},{"code":250,"indent":2,"parameters":[{"name":"select","volume":90,"pitch":100,"pan":0}]},{"code":101,"indent":2,"parameters":["",0,0,2]},{"code":401,"indent":2,"parameters":["A blurry photo of the culprit..."]},{"code":111,"indent":2,"parameters":[1,22,0,1,5]},{"code":101,"indent":3,"parameters":["",0,0,2]},{"code":401,"indent":3,"parameters":["Maybe I should inspect the body next..."]},{"code":0,"indent":3,"parameters":[]},{"code":412,"indent":2,"parameters":[]},{"code":230,"indent":2,"parameters":[2]},{"code":0,"indent":2,"parameters":[]},{"code":412,"indent":1,"parameters":[]},{"code":111,"indent":1,"parameters":[12,"DetectPictureClick.Click(3)"]},{"code":250,"indent":2,"parameters":[{"name":"select","volume":90,"pitch":100,"pan":0}]},{"code":111,"indent":2,"parameters":[0,20,0]},{"code":101,"indent":3,"parameters":["",0,0,2]},{"code":401,"indent":3,"parameters":["Found broken glass next to the body, but no signs "]},{"code":401,"indent":3,"parameters":["of a cut. There is a fragment of a label attached."]},{"code":0,"indent":3,"parameters":[]},{"code":411,"indent":2,"parameters":[]},{"code":101,"indent":3,"parameters":["",0,0,2]},{"code":401,"indent":3,"parameters":["Found broken glass next to the body, but no signs "]},{"code":401,"indent":3,"parameters":["of a cut. There is a fragment of a label attached."]},{"code":401,"indent":3,"parameters":["Maybe someone at the Farmer’s Market would know "]},{"code":401,"indent":3,"parameters":["more?"]},{"code":0,"indent":3,"parameters":[]},{"code":412,"indent":2,"parameters":[]},{"code":230,"indent":2,"parameters":[2]},{"code":0,"indent":2,"parameters":[]},{"code":412,"indent":1,"parameters":[]},{"code":111,"indent":1,"parameters":[12,"DetectPictureClick.Click(4)"]},{"code":250,"indent":2,"parameters":[{"name":"select","volume":90,"pitch":100,"pan":0}]},{"code":101,"indent":2,"parameters":["",0,0,2]},{"code":401,"indent":2,"parameters":["A thin wire tied around the torso. What for?"]},{"code":230,"indent":2,"parameters":[2]},{"code":0,"indent":2,"parameters":[]},{"code":412,"indent":1,"parameters":[]},{"code":111,"indent":1,"parameters":[12,"DetectPictureClick.Click(5)"]},{"code":250,"indent":2,"parameters":[{"name":"select","volume":90,"pitch":100,"pan":0}]},{"code":101,"indent":2,"parameters":["",0,0,2]},{"code":401,"indent":2,"parameters":["Sticky red stain on the head. Blood, likely."]},{"code":401,"indent":2,"parameters":["Cause of death may be blunt force trauma."]},{"code":230,"indent":2,"parameters":[2]},{"code":0,"indent":2,"parameters":[]},{"code":412,"indent":1,"parameters":[]},{"code":111,"indent":1,"parameters":[12,"DetectPictureClick.Click(6)"]},{"code":250,"indent":2,"parameters":[{"name":"select","volume":90,"pitch":100,"pan":0}]},{"code":101,"indent":2,"parameters":["",0,0,2]},{"code":401,"indent":2,"parameters":["The feathers on the body are ruffled and covered in "]},{"code":401,"indent":2,"parameters":["dirt. Could be signs of a struggle?"]},{"code":230,"indent":2,"parameters":[2]},{"code":0,"indent":2,"parameters":[]},{"code":412,"indent":1,"parameters":[]},{"code":111,"indent":1,"parameters":[12,"DetectPictureClick.Click(7)"]},{"code":250,"indent":2,"parameters":[{"name":"select","volume":90,"pitch":100,"pan":0}]},{"code":101,"indent":2,"parameters":["",0,0,2]},{"code":401,"indent":2,"parameters":["We found the item that matches the label, Jay's Jam..."]},{"code":401,"indent":2,"parameters":["Perhaps we will find a lead in his storeroom."]},{"code":230,"indent":2,"parameters":[2]},{"code":0,"indent":2,"parameters":[]},{"code":412,"indent":1,"parameters":[]},{"code":111,"indent":1,"parameters":[12,"DetectPictureClick.Click(8)"]},{"code":250,"indent":2,"parameters":[{"name":"select","volume":90,"pitch":100,"pan":0}]},{"code":101,"indent":2,"parameters":["",0,0,2]},{"code":401,"indent":2,"parameters":["Numerous damaged feathers found in an alley in the "]},{"code":401,"indent":2,"parameters":["Narrows. Characteristics are consistent with the "]},{"code":401,"indent":2,"parameters":["body’s plumage."]},{"code":230,"indent":2,"parameters":[2]},{"code":0,"indent":2,"parameters":[]},{"code":412,"indent":1,"parameters":[]},{"code":111,"indent":1,"parameters":[12,"DetectPictureClick.Click(9)"]},{"code":250,"indent":2,"parameters":[{"name":"select","volume":90,"pitch":100,"pan":0}]},{"code":101,"indent":2,"parameters":["",0,0,2]},{"code":401,"indent":2,"parameters":["Drag marks outside a storeroom in the Narrows. "]},{"code":401,"indent":2,"parameters":["The trail leads towards the Town Square."]},{"code":230,"indent":2,"parameters":[2]},{"code":0,"indent":2,"parameters":[]},{"code":412,"indent":1,"parameters":[]},{"code":111,"indent":1,"parameters":[12,"DetectPictureClick.Click(10)"]},{"code":250,"indent":2,"parameters":[{"name":"select","volume":90,"pitch":100,"pan":0}]},{"code":101,"indent":2,"parameters":["",0,0,2]},{"code":401,"indent":2,"parameters":["A hook found above the smashed window in Jay’s "]},{"code":401,"indent":2,"parameters":["storeroom. An almost invisible wire hangs from it. "]},{"code":230,"indent":2,"parameters":[2]},{"code":0,"indent":2,"parameters":[]},{"code":412,"indent":1,"parameters":[]},{"code":111,"indent":1,"parameters":[12,"DetectPictureClick.Click(11)"]},{"code":250,"indent":2,"parameters":[{"name":"select","volume":90,"pitch":100,"pan":0}]},{"code":101,"indent":2,"parameters":["",0,0,2]},{"code":401,"indent":2,"parameters":["An open, partially empty jam jar in Jay’s storeroom  "]},{"code":401,"indent":2,"parameters":["left on the floor. Who would discard such delicious "]},{"code":401,"indent":2,"parameters":["jelly like this?"]},{"code":230,"indent":2,"parameters":[2]},{"code":0,"indent":2,"parameters":[]},{"code":412,"indent":1,"parameters":[]},{"code":111,"indent":1,"parameters":[12,"DetectPictureClick.Click(12)"]},{"code":250,"indent":2,"parameters":[{"name":"select","volume":90,"pitch":100,"pan":0}]},{"code":111,"indent":2,"parameters":[0,137,0]},{"code":101,"indent":3,"parameters":["",0,0,2]},{"code":401,"indent":3,"parameters":["Victim not a local..?"]},{"code":0,"indent":3,"parameters":[]},{"code":412,"indent":2,"parameters":[]},{"code":111,"indent":2,"parameters":[0,103,0]},{"code":101,"indent":3,"parameters":["",0,0,2]},{"code":401,"indent":3,"parameters":["Late-night commotion: nocturnal bunch?"]},{"code":0,"indent":3,"parameters":[]},{"code":411,"indent":2,"parameters":[]},{"code":0,"indent":3,"parameters":[]},{"code":412,"indent":2,"parameters":[]},{"code":230,"indent":2,"parameters":[2]},{"code":0,"indent":2,"parameters":[]},{"code":412,"indent":1,"parameters":[]},{"code":111,"indent":1,"parameters":[12,"Input.isPressed(\"m\");"]},{"code":235,"indent":2,"parameters":[1]},{"code":235,"indent":2,"parameters":[2]},{"code":235,"indent":2,"parameters":[3]},{"code":235,"indent":2,"parameters":[4]},{"code":235,"indent":2,"parameters":[5]},{"code":235,"indent":2,"parameters":[6]},{"code":235,"indent":2,"parameters":[7]},{"code":235,"indent":2,"parameters":[8]},{"code":235,"indent":2,"parameters":[9]},{"code":235,"indent":2,"parameters":[10]},{"code":235,"indent":2,"parameters":[11]},{"code":235,"indent":2,"parameters":[12]},{"code":235,"indent":2,"parameters":[90]},{"code":235,"indent":2,"parameters":[91]},{"code":235,"indent":2,"parameters":[92]},{"code":235,"indent":2,"parameters":[93]},{"code":235,"indent":2,"parameters":[94]},{"code":235,"indent":2,"parameters":[95]},{"code":235,"indent":2,"parameters":[96]},{"code":235,"indent":2,"parameters":[97]},{"code":235,"indent":2,"parameters":[80]},{"code":235,"indent":2,"parameters":[81]},{"code":235,"indent":2,"parameters":[82]},{"code":235,"indent":2,"parameters":[83]},{"code":235,"indent":2,"parameters":[84]},{"code":235,"indent":2,"parameters":[85]},{"code":235,"indent":2,"parameters":[86]},{"code":235,"indent":2,"parameters":[87]},{"code":235,"indent":2,"parameters":[88]},{"code":235,"indent":2,"parameters":[89]},{"code":235,"indent":2,"parameters":[98]},{"code":121,"indent":2,"parameters":[21,21,1]},{"code":230,"indent":2,"parameters":[5]},{"code":113,"indent":2,"parameters":[]},{"code":0,"indent":2,"parameters":[]},{"code":412,"indent":1,"parameters":[]},{"code":0,"indent":1,"parameters":[]},{"code":413,"indent":0,"parameters":[]},{"code":0,"indent":0,"parameters":[]}],"name":"ShowMurderBoard","switchId":21,"trigger":2},
{"id":4,"list":[{"code":122,"indent":0,"parameters":[1,1,0,0,1]},{"code":122,"indent":0,"parameters":[2,2,0,0,2]},{"code":122,"indent":0,"parameters":[3,3,0,0,3]},{"code":122,"indent":0,"parameters":[4,4,0,0,5]},{"code":122,"indent":0,"parameters":[5,5,0,0,6]},{"code":122,"indent":0,"parameters":[6,6,0,0,8]},{"code":122,"indent":0,"parameters":[7,7,0,0,4]},{"code":122,"indent":0,"parameters":[8,8,0,0,7]},{"code":122,"indent":0,"parameters":[9,9,0,0,9]},{"code":231,"indent":0,"parameters":[1,"P1",0,0,30,30,100,100,255,0]},{"code":231,"indent":0,"parameters":[2,"P2",0,0,217,30,100,100,255,0]},{"code":231,"indent":0,"parameters":[3,"P3",0,0,404,30,100,100,255,0]},{"code":231,"indent":0,"parameters":[4,"P4",0,0,217,217,100,100,255,0]},{"code":231,"indent":0,"parameters":[5,"P5",0,0,404,217,100,100,255,0]},{"code":231,"indent":0,"parameters":[6,"P6",0,0,217,404,100,100,255,0]},{"code":231,"indent":0,"parameters":[7,"P7",0,0,30,217,100,100,255,0]},{"code":231,"indent":0,"parameters":[8,"P8",0,0,30,404,100,100,255,0]},{"code":231,"indent":0,"parameters":[9,"P0",0,0,404,404,100,100,255,0]},{"code":101,"indent":0,"parameters":["skunkhead_sheet",0,0,2]},{"code":401,"indent":0,"parameters":["\\n<Witness>The puzzle has been reset!"]},{"code":0,"indent":0,"parameters":[]}],"name":"Reset Button","switchId":41,"trigger":2},
{"id":5,"list":[{"code":111,"indent":0,"parameters":[0,11,0]},{"code":232,"indent":1,"parameters":[2,0,0,0,217,30,100,100,255,0,60,true]},{"code":232,"indent":1,"parameters":[3,0,0,0,404,30,100,100,255,0,60,true]},{"code":232,"indent":1,"parameters":[4,0,0,0,217,217,100,100,255,0,60,true]},{"code":232,"indent":1,"parameters":[5,0,0,0,404,217,100,100,255,0,60,true]},{"code":232,"indent":1,"parameters":[6,0,0,0,217,404,100,100,255,0,60,true]},{"code":232,"indent":1,"parameters":[7,0,0,0,30,217,100,100,255,0,60,true]},{"code":232,"indent":1,"parameters":[8,0,0,0,30,404,100,100,255,0,60,true]},{"code":232,"indent":1,"parameters":[9,0,0,0,404,404,100,100,255,0,60,true]},{"code":0,"indent":1,"parameters":[]},{"code":412,"indent":0,"parameters":[]},{"code":0,"indent":0,"parameters":[]}],"name":"","switchId":1,"trigger":0},
{"id":6,"list":[{"code":250,"indent":0,"parameters":[{"name":"kiwi_voice","volume":90,"pitch":100,"pan":0}]},{"code":101,"indent":0,"parameters":["updated_kiwihead_sheet",0,0,2]},{"code":401,"indent":0,"parameters":["\\n<Kiwi>Where to, boss? We’re fresh out "]},{"code":401,"indent":0,"parameters":["of leads. "]},{"code":250,"indent":0,"parameters":[{"name":"crowley_voice","volume":90,"pitch":100,"pan":0}]},{"code":101,"indent":0,"parameters":["crowleyfaces",6,0,2]},{"code":401,"indent":0,"parameters":["\\n<Crowley>Hmm... "]},{"code":250,"indent":0,"parameters":[{"name":"crowley_voice","volume":90,"pitch":100,"pan":0}]},{"code":101,"indent":0,"parameters":["crowleyfaces",0,0,2]},{"code":401,"indent":0,"parameters":["\\n<Crowley>Let’s return to the scene of "]},{"code":401,"indent":0,"parameters":["the crime."]},{"code":121,"indent":0,"parameters":[121,121,1]},{"code":121,"indent":0,"parameters":[125,125,0]},{"code":0,"indent":0,"parameters":[]}],"name":"Cue Ending","switchId":121,"trigger":2}
]