[
null,
{"id":1,"battlerName":"","characterIndex":0,"characterName":"$crowleyoverworld","classId":1,"equips":[1,1,2,3,0],"faceIndex":0,"faceName":"crowleyfaces","traits":[],"initialLevel":1,"maxLevel":99,"name":"Crowley","nickname":"","note":"","profile":""},
{"id":2,"battlerName":"","characterIndex":0,"characterName":"$kiwiSheet","classId":2,"equips":[2,1,2,3,0],"faceIndex":0,"faceName":"kiwihead_sheet","traits":[],"initialLevel":1,"maxLevel":99,"name":"Kiwi Herman","nickname":"","note":"","profile":""},
{"id":3,"battlerName":"","characterIndex":0,"characterName":"$jayvendor","classId":2,"equips":[0,0,0,0,0],"faceIndex":4,"faceName":"vendorfaces","traits":[],"initialLevel":1,"maxLevel":99,"name":"Jay","nickname":"","note":"","profile":""},
{"id":4,"battlerName":"","characterIndex":0,"characterName":"$honeybadgervendor","classId":2,"equips":[0,0,0,0,0],"faceIndex":1,"faceName":"vendorfaces","traits":[],"initialLevel":1,"maxLevel":99,"name":"Honey Badger","nickname":"","note":"","profile":""},
{"id":5,"battlerName":"","characterIndex":0,"characterName":"$chinstrappenguin","classId":2,"equips":[0,0,0,0,0],"faceIndex":0,"faceName":"vendorfaces","traits":[],"initialLevel":1,"maxLevel":99,"name":"Chinstrap Penguin","nickname":"","note":"","profile":""},
{"id":6,"battlerName":"","characterIndex":0,"characterName":"$twomicevendor","classId":2,"equips":[0,0,0,0,0],"faceIndex":3,"faceName":"vendorfaces","traits":[],"initialLevel":1,"maxLevel":99,"name":"Two Mice","nickname":"","note":"","profile":""},
{"id":7,"battlerName":"","characterIndex":0,"characterName":"$sagittariusbird","classId":2,"equips":[0,0,0,0,0],"faceIndex":2,"faceName":"vendorfaces","traits":[],"initialLevel":1,"maxLevel":99,"name":"Sagittarius Bird","nickname":"","note":"","profile":""}
]